Code,price17424
10574,160885
11135,176974
10570,145946
10571,151692
10572,164333
10573,688359
10575,144797
11136,182720
11137,209151
11138,222941
11139,181570
10614,219493
10615,170079
10616,194211
11140,284997
11141,220643
11142,252820
9526,3952241
4290,409552
10304,537537
10611,172377
11143,224090
7212,278102
9378,229959
7211,229959
1337,229797
1338,198889
10612,179272
11144,224090
10613,180421
11145,226388
10566,148244
10567,148244
10568,159736
10569,179272
11146,191913
11147,191913
11148,208002
11149,224090
8733,653107
10544,534977
10548,148463
9198,127665
9325,4825055
10698,1075074
10699,1075074
10966,3244041
10993,2386519
11432,758918
11001,2920517
10796,2195971
11325,40259574
11326,40259574
9058,3419743
9059,5261143
9362,3641813
11187,8906988
5143,286238
10970,615480
10971,464970
5065,131697
9960,2600655
11508,1001163
8141,355798
9768,815712
11499,21075062
8593,1425333
5901,4169682
5902,786092
8202,1311536
5900,11127864
2481,311771
2224,1546468
5781,740457
2012,602041
4405,1039238
8870,833182
9595,425998
1340,2484765
5959,1243054
9705,3101588
2018,1440378
2023,752552
8497,752552
6060,412560
6480,614136
6481,497222
7244,810337
11295,2118274
11585,15102158
7970,4892303
10707,4064536
4468,371157
8804,3506421
8834,8712030
8835,5659563
9590,2127111
9602,2184704
10163,1687866
1341,192169
3371,107507
3434,124977
3436,131697
3740,81974
1709,122290
4861,2239738
11025,13990891
2097,444812
7809,220390
6549,821088
7640,4209463
7641,1125955
7642,1402173
7639,13297758
10363,385683
10364,385683
10892,321178
1575,288926
10887,288926
10891,464970
9523,575165
8812,623543
10890,623543
6986,200233
7562,400465
5182,403153
7509,430030
7445,541569
9346,2576146
9347,1441943
9348,1732213
5897,2255578
6930,3247029
5489,18280324
7282,1204083
9460,2214652
9461,2214652
9833,14782826
10428,14782826
7864,802274
482,471689
571,536193
11171,4359425
8551,8652259
1350,116914
1351,129009
3487,7154928
3488,5106602
3489,4031528
8794,237860
10396,458250
5783,6417385
9772,174062
9790,174062
9791,170630
9792,182720
9793,205933
4304,601683
4314,799918
11061,57138680
9459,8050935
6691,485127
10014,528130
3358,388370
5327,2848946
8306,858779
11203,1115389
9776,1021320
9915,473033
9914,536193
10914,393746
2107,873498
4572,195817
11083,215015
11084,147183
11085,199657
6484,299677
6886,317403
10681,639925
4083,1207040
10494,1207040
5513,16854009
10495,16854009
7987,709549
7877,657139
11089,107507
11090,169324
11091,212327
8411,396434
8707,415247
10527,1148985
2755,532162
5205,896343
8286,3656595
8890,8728144
9830,1127036
10774,4748244
10775,4036903
11473,11210836
4098,1001163
11580,599354
11094,169324
11095,115570
4239,895895
4332,383955
10377,2433099
10410,13440657
3692,181419
10146,895895
10697,712620
10251,561342
10442,1909580
10443,5728779
10444,7559494
4725,175339
5175,1204339
10328,14452918
6088,1870629
6089,2494172
9130,1029383
10879,231141
10880,233829
10881,392402
10882,392402
9985,5299276
6706,137072
6707,139760
6708,215015
6709,215015
9616,637324
9617,637324
9618,6595996
10853,1749683
6180,372244
4416,445388
4583,244451
4593,203496
2127,739113
8409,1036103
2473,951887
6831,880019
11398,345368
10779,358358
10780,662962
7570,1273963
7746,744489
5074,473545
7347,870298
5586,671921
5585,362837
7273,462282
7274,462282
5266,388370
3531,560382
6407,959504
6471,388370
1129,159917
1131,259362
1104,337304
1105,278175
1106,345368
5384,667890
8838,892311
1130,288926
1132,170668
7001,1364000
7269,521411
7270,732394
6256,362837
9157,753896
10335,2175745
10429,1662781
10845,2743998
899,6199145
3944,16577136
7598,1173175
2137,2734719
10421,7433691
4615,254690
4626,355798
11182,10474071
893,4073187
4604,208616
4507,142063
4518,218854
4469,1554378
4561,6996218
4637,174060
4643,206056
2139,1944540
2140,2857009
1352,133040
10545,6574463
8445,3469801
11017,3800387
11165,1181238
8049,3469801
7389,878095
7390,878095
7386,878095
7387,878095
7388,878095
6822,665202
6823,498566
8779,3006176
7555,442124
7045,549632
7046,696110
3847,349399
2576,651764
10009,2026514
10223,1325029
11374,1689210
10193,342680
10145,5798344
7730,550975
7731,544256
6409,299677
4573,285407
4575,174060
4644,218854
4574,206056
7930,355798
9086,2557140
6267,1295464
8973,1377439
4364,167660
11456,1483602
11457,4587878
11458,8073360
6753,530818
5262,2326191
5263,4059748
10542,447500
7530,326554
6752,294302
8363,243235
9492,505541
11552,2021148
5542,1173175
5983,2332003
974,331929
975,626231
7650,2615118
11589,3084119
11590,3084119
978,327898
11099,2981987
11100,3703630
11101,4114846
11102,4731669
6092,889624
6093,1088378
6094,1405390
5981,481096
5951,923220
3819,1132859
3820,1752371
983,727019
5982,911125
11103,2099197
11104,2099183
11105,1101000
3822,545600
10822,12078567
10820,1528491
10821,1330581
8753,565758
8754,1087169
988,862747
6635,2527768
10823,1458726
7884,15996040
7317,1962010
8998,1317234
8999,3628375
9591,897982
6001,1099263
3571,958160
3579,775397
1001,280863
1002,356118
5669,794211
5670,1178550
6340,463626
7576,1034759
7496,670577
7497,670577
7498,670577
9244,1635456
10562,1111358
10563,888280
7316,607417
9105,1425817
5589,1409691
3570,495878
10342,2164930
10343,3246723
11379,41455526
11378,22154866
10871,651764
10872,651764
9263,330585
6909,613764
7375,635802
7377,1730365
7378,1230596
7379,1022231
7381,613327
7383,1188350
7373,6657445
7374,14834821
7376,10853799
8923,427342
9692,952784
2156,2230779
2157,3346168
6855,696110
6477,549632
8032,1151673
8033,1151673
11115,1196020
6478,696110
6854,700142
9589,667890
8142,14168342
8143,7783260
6064,1685178
6065,2119240
6066,603385
10504,1685178
10505,2119240
10506,603385
8345,1341155
8346,565758
5545,431309
7494,335961
7748,475720
8960,3254787
8961,3776197
1356,3202377
10916,3202377
8467,2292595
8466,1970969
8832,5341774
9359,12782603
11275,700078
11274,639925
11277,854940
11278,895895
11279,895895
6893,1135227
6894,1695033
10903,1695033
10904,1135227
10926,1135227
10927,1695033
11562,22418773
11563,29098108
10499,1528479
10500,2342317
10940,1881380
9227,2082956
10348,511940
10215,767910
10214,1459029
10213,1723958
9038,399915
10083,20658872
10326,34948930
10327,21176745
1008,5895437
1009,1703992
5478,6833439
10543,2748158
10806,8454523
10807,12310378
5224,1356641
5225,1612611
5226,1126268
4660,177899
10695,971598
10696,971598
9537,588603
8506,690735
4673,403153
4680,134384
10362,353239
10617,134384
7004,146479
7635,80631
7709,162605
10857,186794
9480,148463
10896,935314
5949,325210
11219,807649
11220,1077762
11221,1162424
11080,295645
9148,600698
3355,1053573
4249,239588
4260,461207
4268,738473
4269,738473
5075,1052037
5076,1279850
7490,1484626
7569,1087169
9199,677297
9200,1405659
8660,1098111
9234,564414
11355,546944
11356,546944
11616,564414
10484,564414
11617,564414
8686,3011077
8687,3011077
8688,3011077
10190,3011077
10191,3011077
10192,3011077
4214,702149
4236,680315
4864,2412129
2177,397777
2179,385683
11027,7805376
1878,544256
1879,713580
2227,847965
2226,428686
10906,712237
10907,712237
7849,1110589
730,490503
731,302365
733,542912
3974,524099
10271,302365
10272,542912
10280,524099
9849,466459
8919,625185
6251,1513167
8528,755239
4270,319963
8807,460938
2198,1087169
2199,1521230
5222,9052935
5980,722987
11160,722987
5554,24533456
5555,75875312
6109,24533456
6110,75875312
5673,1531980
10650,4339267
10711,13447765
10712,13447765
10550,2777275
10551,2777275
7742,620855
7806,419279
10181,2601156
7150,70488764
11543,45112809
11611,440780
9632,1193332
9633,2273782
4272,373358
755,4053029
9696,438093
9697,393746
11177,11527106
10154,5215910
11270,24211397
7358,423630
7359,573373
9513,423630
9514,573373
9593,448843
1362,365525
1363,361494
5590,693423
1720,385683
1721,237860
1722,292958
3485,204264
759,225766
9661,804962
1835,346711
11496,354774
11533,412560
10080,928595
10081,589947
10240,1123357
10239,7870420
10241,12715110
10242,15897827
6307,292958
11509,344024
2747,173356
2753,110195
4015,4763606
4016,4763606
8907,2674650
10358,1593932
11118,93777847
11119,78349010
11081,188138
7276,13873850
5041,595322
5957,149167
5039,296989
6869,287582
5211,12049546
1369,290270
8099,662514
1651,247267
1652,247267
11062,3584028
8943,1409714
8942,11186776
11631,1409714
9103,7047669
9104,10405803
9333,26072618
10307,487779
10308,870681
10309,1593639
10306,6189491
7309,895895
3694,388370
3695,416591
4376,533697
4377,232933
10436,1126345
3992,319835
8988,776308
8986,13163958
8987,26552784
8927,1411035
9688,15109535
7532,210983
7792,813025
11124,362837
6516,491846
7573,219046
5504,415951
10860,849308
10531,1516075
4684,120306
4688,398033
1726,700142
5245,349399
1727,1026696
7733,3758727
508,235172
611,279519
612,279519
11596,49744595
11597,14719570
1862,532162
10089,638325
259,524099
8881,1382814
11016,4315078
11630,1566920
5889,1451753
9066,2623181
9850,638325
7547,846621
9900,1172667
6372,1064726
6368,17590239
6370,5582795
6791,11726826
10079,1709368
10512,1361312
9522,1130108
9760,2147588
8024,1815531
8025,972942
8026,1419098
8712,1110014
8620,463478
8621,1019092
7069,2328879
7319,1804780
11501,181419
4378,363477
5615,452875
6262,765990
6248,469001
9139,771366
5506,406992
5507,789667
6715,723115
5181,460746
11445,207336
5192,345560
11444,345560
5397,678321
10437,376276
4078,321178
4079,372244
7838,235172
11251,292958
11252,544256
11253,544256
11383,272800
11384,272800
11385,544256
10795,799993
10794,2400006
10867,916038
10868,668001
7551,3054159
8498,3928126
481,377620
480,186794
1381,847965
1382,1131515
6018,1257837
6017,1060292
11030,511940
8341,749992
10157,383955
9972,24963868
9970,1265900
9971,3144591
6451,1394909
9386,21602799
10687,21602799
9477,9203618
11619,9151098
10598,5738697
11269,24002843
9468,1178329
9469,1178329
9910,1075123
9911,3935718
9912,4919648
363,18625995
11440,18625995
1177,971598
11554,6705774
8155,65228611
6517,6436833
7153,658483
11073,412560
8368,685976
10826,685976
7996,6927433
7997,4346559
7998,2592272
9845,2510298
9846,9627931
9847,9627931
9848,10314804
10947,180075
4379,188138
10138,250851
4380,176619
1655,115570
6467,2827445
6466,1988887
5948,327898
10159,921914
7328,364181
5734,319688
5735,395073
5135,795555
6674,940690
8726,530818
6217,1226928
6158,808993
10162,823775
7160,8554692
8782,1342499
8800,1342499
9238,1342499
9239,1342499
11184,2365163
11185,1182581
11186,2365163
11406,1259180
11407,5912907
7000,1454038
6425,6707419
4021,2736063
4022,3078743
10755,1554826
10937,2597648
11120,2586897
5688,1671740
5689,563070
10186,201576
10204,1054916
9501,692079
9502,291614
1383,122290
1384,145135
9019,237860
6474,548288
10716,8524771
10717,8524771
10718,8524771
10719,8524771
10720,14537557
10721,14537557
10722,14537557
10672,3972131
9629,7107733
9630,7107733
9631,7107733
6568,5319413
11020,5319413
4481,177899
4103,5436771
2241,2590022
4104,763056
7735,389714
1161,2154180
8503,1289872
8504,2718190
1385,494534
7221,1158264
7222,447948
2248,630262
2249,667890
10895,618168
4576,163821
4577,142063
11329,4025128
4351,326362
11357,490183
4350,284127
11359,426190
9671,3284351
7235,229797
10852,302365
6965,31611335
6966,25799521
10245,1376095
10246,1376095
10247,1376095
10112,327898
10113,327898
10109,434061
10110,434061
10111,434061
11313,22127179
11314,22127179
8613,385235
7729,368213
7869,344024
8098,408528
5187,125475
5186,106600
5189,125475
5188,129654
5190,124102
5191,129654
8479,10908012
11620,10908012
9326,12123049
11152,11222829
11266,12665771
11267,4094240
5766,4927423
4275,486343
4276,652724
4278,1028487
10294,383955
10295,335321
11450,508740
4578,4453878
6714,355798
10749,9041227
6405,1909600
2250,2691717
6469,2783658
6531,1567727
6903,879491
2251,585915
9836,563070
6309,610104
6308,330585
11254,678640
8924,2822069
7258,755239
7082,659827
10259,4386524
10865,1701305
10788,2431715
10789,796067
11226,631606
9465,364181
9466,425998
9467,364181
11511,3777541
11512,10863782
11296,6251550
11297,7660030
6529,851100
6530,487623
6604,1555018
6605,1226096
1658,450187
1659,268769
11583,403153
2263,5521849
3943,18574396
11318,5933065
8090,5933065
5277,703918
5659,703918
5276,550336
5658,545216
753,349399
754,700142
6853,791523
6512,692079
8876,788836
9916,1134203
760,1276650
761,735082
3777,604729
3987,434061
5774,703918
1660,217702
2266,6127922
9009,623543
8617,542912
6422,712237
7242,1343843
6505,3300477
8518,3335417
8519,6670834
2271,8005714
1842,159917
6719,490503
6730,549632
2272,3922676
5966,1651582
1394,147823
1395,490503
9485,1126140
10427,608761
11201,638325
11202,318491
9275,864091
11479,1566974
11480,3092115
11481,3092115
11358,10699559
3906,6083575
3907,6083575
7452,1166025
7397,675175
7396,16466387
9486,12288263
9487,9508235
3920,407184
4095,2302853
4097,3886065
9730,2106283
5117,621755
5116,11271334
10996,10943137
2277,339992
6218,240548
6013,180075
4387,360918
4388,415951
1852,147823
3780,821088
5045,795555
521,3420079
522,21354452
11311,21354452
11312,3420079
10889,370901
8651,356118
4579,166381
4580,159981
8920,537537
2736,591291
2793,530818
9389,1100607
4581,529858
11330,8719720
285,1252461
2282,385683
2283,360713
2285,385683
291,1104639
292,705517
9141,115570
9160,1251117
9161,1358625
8048,4031528
5976,3101588
6163,6512261
7493,555007
5667,638325
7421,888280
7423,804962
9601,227109
7933,459594
9095,1948572
9660,348055
6769,1197128
11366,8721206
11367,16494074
11368,24742370
4389,490183
9149,636981
10086,14826544
10087,7372177
4582,386515
11244,4699417
11245,9012607
10323,15275833
10085,14817734
10084,39804728
1248,1548107
5155,2378601
1256,2280501
2293,4910400
2295,654451
2322,1087169
1662,240548
1819,392402
1840,241892
5310,5120040
5938,9908924
7092,9908924
7093,5120040
11162,4914432
8458,1943196
5931,686704
1139,295645
786,392402
3956,331929
3464,354774
3939,520067
6655,385301
6656,1101457
10933,1064323
5823,511940
7973,1191988
10320,1191988
5298,507972
9132,8031731
7073,2041949
7074,1114590
7075,6182985
7076,6344888
4390,641205
3959,131697
3960,215015
7168,467657
6410,686704
5967,295645
6047,877529
8404,446156
8405,430030
8406,219046
9657,618168
1179,1166455
10290,712876
6404,274144
8751,3535650
5235,712876
7660,890776
7661,801186
6240,599354
10015,362837
11550,454219
11551,1280682
10490,302045
10491,302045
5775,1148025
1402,299677
1403,210983
8292,274144
11225,395090
11316,395090
6544,911125
9975,866778
1255,857372
1253,512004
1820,632950
10423,353239
10846,598970
10751,1109630
10982,1035399
5306,808993
10873,689391
10874,689391
6574,696110
11353,193513
1864,512004
6824,1128828
4586,149742
4587,153582
5021,291806
3592,154542
10793,332761
8692,288926
8366,382995
4395,386515
4396,386515
10753,386515
8708,386515
8709,386515
11113,38239924
9644,6392659
9399,903062
9228,872154
10850,20296042
8603,833182
1025,632950
9599,374996
4100,1181238
11438,1181238
9122,1236871
9123,1167070
9124,1030261
9820,935570
8435,745833
10256,2445793
4588,218854
7911,447500
411,287582
412,478408
11131,1261777
11132,1555231
11133,1568514
8379,267425
9690,1323685
8060,498566
9118,380307
8899,2626596
8900,739604
10905,7879772
10961,7980511
10962,4200269
10963,3601038
10964,1728496
10965,3601021
9547,2157539
7511,467657
7760,681328
7878,1372063
4291,449227
4292,367152
1800,912469
1801,1075074
8422,348055
2806,2366507
2810,11778312
2811,13254492
6696,302045
6697,302045
10291,147823
11527,155886
11528,145135
9276,827807
8120,415247
8121,635638
5877,724395
11411,38502953
5159,430030
5519,197097
6388,149742
10742,693679
10743,566974
10744,259810
10161,857960
2977,295645
2979,705517
2980,360150
2985,442124
2986,450187
2987,362837
4398,307164
4399,499142
5520,1510223
416,182763
417,365525
8299,968910
8300,564414
5464,894615
6884,972686
6885,2909099
9045,268769
4898,119026
4400,175339
2886,382995
7681,767809
7531,290270
7321,737770
9351,290270
9352,290270
4401,656563
9042,294302
11037,323802
10055,1009802
11036,673201
9535,1009802
11038,673201
10901,323802
7437,249955
9572,1187701
9573,999563
9420,1995606
6694,563070
11545,563070
3885,2998113
8279,338648
9694,43003
7159,119026
9693,1154361
9014,368213
10206,3471145
6367,318491
9653,2375914
9654,1595141
11489,2375914
11490,1595141
11116,467657
10662,486471
10021,41358221
10022,17635545
10023,10701170
11117,239204
7663,517379
4110,944626
4111,807874
4112,329815
4113,287295
4114,369209
4115,170630
4117,194211
4119,219493
4122,174062
4124,174062
4126,170630
4128,182720
4130,205933
9379,170630
9558,188772
9559,188772
9586,195361
9708,224565
9773,185340
4749,191224
4750,169159
4751,148566
4157,176974
4159,198578
4754,172377
4755,154450
4756,148566
4752,185340
4753,183869
4147,194165
4155,220643
4149,188772
4151,204554
4153,220643
4142,205933
4144,182720
9372,217210
9373,240255
4134,189262
4136,182720
4138,207894
9711,198578
9712,226036
4133,207404
4808,151018
4809,151018
4779,179456
4790,158587
4801,148566
4764,179456
4765,158587
4766,148566
4767,180437
4769,158587
4770,154450
4748,148566
4810,179456
4747,163184
5198,212797
7285,442124
11321,2124167
11360,2483421
11361,2483421
5136,98101
5137,180075
4728,130545
4729,199657
4730,261089
4731,322522
5086,639925
6133,382995
138,494534
2417,207880
2418,210149
9868,210149
9869,207880
2419,207880
9865,207880
9866,210149
2420,198796
2421,210149
9861,198796
9862,210149
2423,205601
9867,205601
7122,205601
9864,205601
2426,205601
9863,205601
5083,221286
11282,316123
5085,579772
11283,579772
5084,349399
11281,349399
6031,500421
11280,500421
5374,119602
5375,147823
7254,150510
10601,26856672
10602,34962083
10603,35697531
10604,26856672
2427,514692
9206,310428
9207,354774
9277,481096
9278,755239
9288,945809
7745,1136891
7527,1038790
1822,205608
1832,135728
1812,83318
1823,233829
4402,445388
1263,482439
3603,1311590
9808,1311590
9243,510660
10938,414671
10939,952208
5216,503941
7659,978317
5325,575165
9416,1131515
8685,330585
9354,503941
3415,503941
8652,521411
9446,2436186
9313,582009
9314,9042381
9511,9687328
3588,796899
7137,286238
9574,593850
10013,456906
9853,364181
9968,598010
9687,502981
10091,223974
8461,267489
7026,2768316
10236,632950
10006,521411
3427,1089856
6927,544256
5036,401809
5037,401809
1415,401809
1416,401809
10859,1104639
11216,620855
3922,2940456
9685,6976732
8454,1515854
8565,446156
8563,352087
8560,291614
8016,11330804
8325,807649
8326,1587078
3781,555007
8575,1690682
10156,978317
1664,118258
9108,431373
3993,372244
11529,2682310
11530,2895981
11612,2900012
3532,2701123
8734,4538156
8735,18365483
5866,19518281
5867,5313553
1731,16777239
3576,4567721
6412,703374
6411,19475492
6413,4812300
11268,16906027
8711,249571
1770,143791
1772,143791
6347,120946
7434,120946
11231,143791
11232,143791
11332,120946
11333,120946
7817,600698
11230,600698
9889,337880
11474,3801155
7307,135664
10441,317403
10750,380115
10797,317403
6310,362837
4545,267489
7289,1191988
11410,54836160
5999,273888
11096,116914
7361,2292595
7360,1970969
10419,1455381
10420,1455381
11015,1325029
11018,1325029
8096,1779247
8177,1634112
2640,713580
3546,1107326
11535,1381470
11536,1034759
5419,326554
7305,581884
6812,1081473
10972,517379
10942,689391
1301,415247
1302,1628737
4404,712876
4406,965007
7080,610104
7081,489159
8157,2151492
8158,1323685
7726,1794030
10684,2015764
2479,1804780
2480,428686
7365,1094157
7366,352087
11172,788836
2503,311771
1665,174700
4589,166381
9818,4577128
8175,511940
9096,806306
8014,1427161
11370,1658302
9706,1822116
9707,2136575
9735,520067
9738,219046
11623,422860803
7790,716716
7791,831903
8888,728363
8889,653107
4293,223974
4294,216295
4295,273888
6097,417935
9658,1933789
3168,454219
3172,935314
10255,2135751
10623,2135751
5157,1204979
9260,624567
10354,1187701
8741,1791790
5521,5911563
5661,3019614
5662,1509135
10581,836214
11166,2168962
10692,1166455
9414,1208114
10913,1337123
6881,561342
9125,712620
7315,1019976
10311,4491122
3626,42726155
7646,14625182
4490,119026
4488,148463
4492,119026
4494,119026
2492,3385139
274,1240367
275,1034759
276,795555
2491,266081
484,722987
10176,568445
5153,7844402
3577,15457059
11521,2983330
5596,2488796
5599,2135366
9765,1507821
1241,2143429
5801,4004651
10595,11339274
7332,307164
10289,415951
7761,280863
4411,364757
9567,1846440
11163,1846440
7844,1846440
9803,1846440
9804,1846440
10332,388370
8823,732394
8824,817056
196,129009
9906,163949
10126,129009
10127,129009
9977,139760
9980,149167
9978,151854
9981,157230
9976,129009
9979,135728
197,215015
10400,215015
9441,310428
8814,671921
4163,165727
9106,893655
3559,341336
10967,399121
3526,459594
5239,462282
7630,1780591
6802,7199158
6803,17678335
6804,38845268
11626,38845268
11627,17678335
11628,7199158
10340,4122539
10341,4122539
6905,249955
10136,435405
8871,252642
6255,1711159
6561,2276469
8480,2276469
9261,282207
11021,44141610
11022,35131802
5150,4930558
11004,1728496
11005,3601021
11006,3601038
7327,440780
9922,6094498
10312,2123063
5109,387027
6380,11480979
8485,1060292
8486,822432
9856,1763121
10781,1740724
10782,1740724
10991,1840168
10992,1840168
7340,18701506
10398,940183
10399,940183
10397,13248189
6767,2776379
513,776741
6836,2009045
10710,15741317
10584,1042822
32,1652926
10798,1032839
10799,1766193
11362,662962
11363,1187701
11364,1538380
11365,1708600
9949,388370
9950,755239
9951,765990
9952,963535
11198,854684
11199,841245
6724,459594
6867,279519
7512,564414
7513,927251
10688,7804483
10689,7804483
10133,7962569
10134,7962569
6213,1131515
6420,595322
6421,831839
9083,1493009
11121,1343843
10833,7823588
10834,4771985
8447,6029821
8448,6029821
8449,11674240
10633,7998282
10634,7998282
8398,2501241
10627,1416323
10628,1416323
11558,82838963
4590,115187
4591,108787
4592,84470
4594,98548
103,739113
4595,223974
11183,3246979
9935,15191424
272,614136
9214,920532
11500,7154928
2279,693423
9061,2088331
10671,2201214
52,517379
8590,2751678
8963,7804075
8964,7804075
1668,208296
2497,3271971
6653,798522
6654,3654773
9067,1752371
9068,1752371
9898,1752371
9899,1752371
11459,1752371
11460,1752371
9025,1849127
9026,1849127
11302,1243054
11303,7849606
6442,1209458
11531,5488046
1433,9206440
1434,7047144
10473,13250926
10471,6338123
10472,15844782
4495,89590
1860,467657
1861,686704
7454,354774
5502,3811761
9755,904040
9756,798816
9757,12454611
8338,7633168
9626,4045513
10994,2521049
11317,4446519
2767,486471
5095,378964
4414,501701
4413,527298
8980,430030
10811,678640
10812,678640
10813,678640
7027,845277
2504,2073549
4497,380115
7304,331929
2869,4949372
11238,4750483
7571,389714
8553,299677
7773,460686
7774,403449
7605,366869
7606,454219
7836,430030
10909,1161337
10908,15910957
2695,778085
7898,32190251
7952,618168
2043,399121
11598,5085100
11599,9756719
9742,1287401
9743,1588422
9744,452875
2511,792291
6779,1442086
9281,1109630
9282,1293928
9283,398033
10117,369877
10118,431309
10024,425998
10025,1217521
10070,1390877
2512,795555
5764,993100
7492,1261868
5113,611448
11320,5305490
3495,573821
1309,256674
1310,391058
1311,452875
1312,615480
4596,1354081
6917,669234
10622,930495
10481,885246
10482,1620317
10483,2111114
11380,52290378
11381,89386347
11382,124701632
7266,1499460
11371,982349
11046,748520
10643,501701
5711,2457888
8491,7582922
5710,2457888
8979,1222897
7440,5140198
10599,4479027
7688,1286662
11629,5011189
7121,1057156
11028,4363009
11029,3117715
2748,345368
11088,159917
7255,287582
7256,287582
2288,588603
6264,639925
6265,511940
11072,353431
3600,334866
3599,334866
7420,65161855
10814,1894818
5278,972686
9063,3680849
10155,4844780
1808,552319
1809,552319
7078,7584949
11544,7584949
1847,146479
1848,115570
9938,310428
10144,214663710
10762,214213273
6863,764822
3683,177387
11553,337304
3180,1291433
10669,327642
4597,262369
10690,1084481
10691,1084481
10098,1402972
10099,1402972
10367,619968
10368,1223214
2429,258018
6236,1583046
890,3433518
7306,1433432
5292,295645
5988,295645
10120,196201
7727,694767
3367,392402
5856,774053
8865,1206771
8922,1190644
8856,1243054
8857,1101951
9481,682160
11111,9355300
8728,2315807
8729,2315807
6239,10655639
7023,2213913
5046,1202739
7974,2194047
5342,533505
10620,1945884
7882,1001163
9992,425998
9991,425998
9990,425998
9989,425998
9456,1432536
9457,2686005
10489,626627
7184,774309
3853,361494
3854,172012
8070,560382
9081,356118
9317,516036
8588,1619330
11593,1619330
11319,32406715
7601,788388
6231,5576056
6232,10151605
5763,1435224
7837,890968
1746,176043
1747,310428
2579,249955
1163,755239
2222,878873
9472,588603
10815,1154361
10816,1154361
767,503941
765,1204083
10772,4837833
7738,337304
624,675953
637,1709745
638,1005194
10107,911125
10179,1005194
10180,1709745
10745,945809
10746,629686
10747,794787
5146,172012
7697,3527587
7932,339992
9918,358806
9666,1062276
8739,831903
7464,1608579
10670,81974
7249,3555807
8926,899031
5309,11256652
9246,1659864
9247,2322972
9248,2959556
5679,3568052
11012,4031528
2548,517379
4415,386515
1239,459594
1240,279519
5912,567102
2521,393746
5449,1384158
7345,875417
9442,460746
1671,348055
4735,534465
4736,149742
4737,756391
4417,296925
6182,775397
7214,428686
5199,1198595
11060,239204
3949,634294
4418,624567
1672,362837
6030,231653
10561,831903
6658,584571
6657,1408347
7978,5629013
6352,1613955
6453,339992
4419,778149
4420,174060
6157,2159555
11127,2159555
11128,3104276
889,2903682
2555,391058
9129,10011695
5742,24972677
2557,1033415
11418,772709
8253,2927964
5462,1988887
5776,1988887
7310,470345
8183,7977094
11164,400465
7251,7825491
7252,10073351
10979,7825491
10980,10073351
3904,15744000
3905,36347120
9344,141103
9345,141103
5647,741801
5648,632950
8224,2600655
1087,376276
8193,501253
1088,259362
1089,259362
5500,491846
8192,345368
8030,430030
5499,491846
8191,345368
11180,209895
8323,373588
10988,15697726
5196,172012
1865,170668
5987,446156
10791,166381
8249,874841
2573,451531
5313,1791342
9552,919771
8145,216359
4738,121586
4421,366037
1440,145135
11591,275488
10449,603146
8347,1358625
8348,9665657
8349,9665657
8350,11244944
8351,12237528
8352,12237528
9798,1233647
9799,1108670
6311,1640832
6312,1912288
8704,1342499
8705,1342499
6620,292958
6621,1846440
6622,1585734
5387,798626
5364,819104
7346,560062
8738,341720
5896,3412080
5365,793507
9296,2042641
9298,3208357
9297,338648
10288,1290605
11327,950097
10740,1816875
10741,1816875
4598,195817
4599,167660
10056,195817
6299,655938
8547,1119421
8548,357462
5103,950097
11423,950097
8737,16192031
10046,120946
6212,245923
465,311771
11468,427342
11469,6720556
6233,413903
5910,1261868
5911,663858
5998,579196
3512,295645
9974,514692
11299,517379
10637,456906
8893,710893
8201,5157539
10728,1306842
10135,1333504
9780,9108114
7444,9326123
11523,7512674
11524,2121927
11010,1490321
11011,4942653
5779,5843027
5798,1617986
7280,1468887
7281,6854421
7050,1128828
7051,3369013
5092,4882628
5091,1343843
9202,4225736
9203,2112868
9686,2268406
9395,4724854
9837,25917821
7687,302365
2941,721643
2942,643701
11613,643701
11614,721643
7611,184106
9931,1301778
7253,1083137
6306,2515042
10968,345368
10969,985037
8886,681328
7603,768678
7675,748520
7604,768678
7674,748520
7676,768678
10292,1417306
4422,340440
5172,326362
3679,310428
7290,462282
3677,151854
6837,302365
6838,401809
6839,533505
6840,628918
7308,726012
7491,17619185
8210,644336
9272,10146988
4041,763521
2028,1343444
4699,250013
4700,272860
5115,646356
5693,704989
6219,452310
2595,5037492
2596,5157428
4701,531883
4702,778978
5847,939519
8579,316123
8582,579772
8580,349399
8581,500421
11040,186858
11041,189418
11449,511940
11042,317403
3678,262049
4499,163821
8608,7238185
897,391058
6702,657139
6704,571133
6705,403153
4301,454347
4302,533697
4303,691119
9826,4162216
9827,4162216
11433,4162216
11434,4162216
3919,534849
7744,736426
4025,29625401
5334,14813959
5595,10305698
5610,4637600
5611,12095730
8436,893655
8437,1679803
9015,5488925
2768,282207
9043,1192739
9324,1192739
1453,258018
1454,163949
1455,294302
8992,1211743
4423,575933
1278,260705
8068,314459
8069,163949
9439,377620
1277,260705
10838,626231
10839,313115
1007,813025
1459,503941
1460,302365
1870,682672
8984,811667
8983,13703903
8985,32710519
10415,652910
11335,1305838
10090,1963354
6144,1061636
9331,6048090
9871,231141
9913,444812
4424,252130
4425,276448
4427,339160
4428,339160
10057,15961426
28,2215996
33,1491665
10955,6829408
10974,1411035
7220,849820
11056,1777904
11167,2257655
8424,467657
1095,940690
1096,2490140
10934,5438531
10935,6316060
6211,14127375
9902,7234169
9903,3683752
9904,14689154
9905,11845462
10425,588731
11470,710893
4501,238052
9929,6853597
2626,6134641
8453,323866
10733,1317234
10735,3227910
10737,4004651
10739,5034034
10352,18998515
10353,18998515
7087,2116552
7088,2150148
8053,166423476
9458,166423476
10653,1462608
10652,15070636
2634,353431
8675,4509935
10863,4078562
9800,740457
9802,518723
6624,704173
6625,1029383
6626,2085912
6860,1466132
6861,2198526
8288,411216
8287,858715
9382,1316966
6283,215015
6995,679984
2638,506629
2639,368213
4165,176024
4773,165727
4772,166708
11502,362837
5241,405840
8748,477384
4429,712876
9927,579772
9907,546944
9716,8894941
9717,16987556
9718,33980645
516,3586850
4502,207336
4503,119026
4504,163821
10869,575165
1028,2411838
5844,4542188
8948,8585913
5843,4542188
5842,4542188
3267,4863366
9604,4055430
8989,4055430
5879,467657
6113,598010
11409,3514148
9597,33860031
9598,33860031
1037,701486
1039,701486
1038,701486
554,3407985
11376,466313
11520,862440
11051,147823
4431,215015
7427,139760
9729,1091712
2645,260705
4505,238052
5027,134384
4508,422351
3950,362837
3593,659827
11610,1478227
9893,149393
9894,163184
11532,682013
9749,682013
6847,1523022
6848,1740596
771,1064323
772,1463444
7333,564414
7338,564414
8512,597690
8513,597690
8514,624567
8520,4042720
8521,4042720
8522,4042720
10663,4042729
10664,4042729
10665,4042729
7417,154542
10040,180075
11486,161261
11487,231141
11488,550975
11419,857372
4600,90869
8081,174060
9771,4487636
10165,7408556
11586,4487636
11587,7408556
3268,546944
10062,856072
10065,7474948
10063,7099139
10064,13001870
9764,10320127
6976,530818
10951,26083945
10952,26083945
10956,36046335
10957,31085276
10958,16360672
11264,1047018
11265,29473181
10596,2982799
10597,8948378
10033,3738766
10034,980474
9703,378964
9704,616824
9886,5697146
6254,8922845
6776,10840366
6958,8557621
9031,6853730
9032,11100643
6723,5794649
10299,10865805
10300,10462270
10301,10462270
10302,10865805
11546,10462270
11547,10462270
11548,10865805
11549,10865805
10094,138416
7651,451531
8018,12299971
3348,6145432
5090,3791428
7506,1416410
10766,1670844
10767,1670844
10585,1242606
10004,462282
10005,681328
8316,2533143
8317,2533143
8318,2533143
10758,2533143
11526,2533143
4306,424910
2451,408528
4602,170220
4603,222694
5416,1411035
5417,1693242
9064,4484594
9065,4452598
5394,4230416
34,3014239
8456,665886
8457,9741949
11206,190826
3938,647732
3188,573821
10277,970254
10317,6026817
10318,1225245
2019,1440378
2025,752552
8496,752552
10313,2578834
6073,4677312
10115,5258635
8181,4199508
9162,5386121
9163,5825557
9164,5825557
6797,4357075
6798,3619284
6800,6318408
6799,5602388
8587,565758
6939,6533762
8374,303708
6120,630262
10586,564414
10587,564414
10588,597690
10589,597690
10590,624567
9070,470345
9071,470345
6238,2326878
5193,5239642
10654,5239642
7554,6095670
1732,5239642
6906,2085644
6907,861403
6463,2297971
6464,6111796
10216,7320947
10217,908694
11503,311771
4605,138224
5671,1583046
5285,371341
5286,1053993
4075,1826282
9189,188772
9190,174553
9892,167780
9895,170630
9896,166708
4607,153582
7204,149167
7205,559038
10693,1323685
10694,1323685
10514,784548
10515,470985
5210,1745203
9505,251299
10266,9978814
9170,1090731
9169,14339031
7999,2611633
8000,5153533
8001,5153533
5770,3093525
5771,3237317
11236,3237317
11237,3093525
7991,4777360
7992,4777360
7993,4777360
7871,1884067
8203,3081700
8204,3081700
6161,1614088
6162,9718840
10624,567102
8339,3542369
8489,3542369
11047,3542369
11048,3542369
8701,6158786
5180,322522
9860,306396
9649,2253624
9650,2460576
9651,4628588
9648,1389533
7525,849308
7177,956816
7526,1327716
7195,786148
7196,1550794
10480,517379
8034,2655567
8035,2370538
7246,225766
8463,675953
7176,838558
8464,2319472
5927,326554
5929,506629
5930,593978
6437,663858
6669,270112
6668,271456
8644,514692
8384,1628200
8385,4039591
8382,665202
8383,1331748
8386,2197720
8387,6760872
1475,260705
5094,278175
7025,924564
1478,245923
5061,250904
5057,250904
5060,250904
7753,2223284
7754,3557240
8067,7632790
10044,1300809
10045,5659423
7670,2666184
6602,477384
6603,659123
8805,3519120
8806,1194904
9634,9170015
8561,2933608
8562,5345499
10535,3067615
10536,6131992
10537,11550633
11045,575165
10677,1583534
8641,1534668
6768,649076
8508,399121
11354,435405
10260,106164
9496,599354
8672,1248430
1735,106164
1736,106164
9216,329241
8314,1670396
6192,3950658
9215,397777
8239,3965206
11428,314843
6473,1407835
6632,865234
6631,11919431
9993,3465774
9578,1428505
9579,1329060
9581,575165
9582,1698617
9580,1173175
790,287582
792,245923
793,338648
806,278175
5331,686704
2045,546944
10641,2598096
10642,2598096
10783,2598096
10784,2598096
8993,4059748
8994,3979118
9851,442124
7897,385683
9494,537537
8499,1813283
9546,2765628
9852,3711021
7612,263393
9901,2954707
7257,584571
9940,463626
11465,646388
5329,671921
10847,614136
10848,8284105
10849,3156820
4166,147095
4167,218681
4169,234862
9376,268908
9377,239275
4774,180437
4775,166708
4776,158587
2714,382995
7091,646388
7637,1527949
4509,148463
8991,555615
9397,833422
5942,2591439
6527,913482
6528,1368604
6526,341746
7155,245923
7156,350743
4714,453067
4715,725675
856,813025
10122,616824
10202,506629
10039,7891235
10074,7891235
10018,6561333
8764,604729
8765,1140922
8766,1140922
9810,1171831
10538,595322
10539,1233647
5826,1068288
5827,1484946
7689,1482258
7508,215015
8559,237860
7507,307740
6926,252642
1728,251299
5134,952784
2124,3969711
5264,5957254
10877,1454038
10878,120946
6784,733354
6785,725675
6786,651444
6787,651444
6891,3858748
6892,6911190
7617,733354
7618,433869
10075,508100
10928,508100
10929,733354
10930,6911190
10931,733354
10932,725675
11034,403153
6389,1247086
6895,1761778
11555,62230245
11556,62230245
11557,67887540
7268,1339072
5270,752552
5271,1006538
8777,1269931
10276,11413351
11052,1130261
11053,1185046
11054,1250020
11055,1258382
10997,912967
10998,912967
10999,912967
11000,912967
11260,1468109
11261,1206795
11262,1265292
10038,494534
10182,3390783
10183,1185046
10184,1258382
10185,1250020
8719,2833925
8720,2833925
4433,1163768
6887,1336163
9854,503941
9855,1975448
4311,1021320
4312,1679803
6285,391634
6286,1039238
7694,2402790
11019,2402790
11013,2060111
8050,2402790
5161,981645
5970,979085
5971,783268
6318,11090138
8732,11090138
6319,9108032
8731,9108032
7372,2872060
3979,4825738
8089,3086941
8112,3086941
9822,1780591
8481,1350562
8482,2651401
8483,3191626
8809,1350562
8810,2651401
8811,3191626
11158,1336163
11559,401809
11426,1451350
11427,2212861
10148,1285609
10790,1663805
7350,1087873
6919,1663805
9519,1869733
9520,2911659
2708,2660808
6772,2089675
11534,602041
7401,1632769
5694,27147388
11568,56572950
7216,1834345
4434,849820
2520,682672
10792,447948
5831,1601860
10609,299677
10610,413903
10648,435405
10649,142447
9454,237860
8410,435405
10725,1265292
10726,1334658
10727,1468109
8661,1995158
8662,1995158
8663,1995158
9622,1787950
9623,1787950
2735,3398578
9880,100788
4608,231653
2739,349399
6216,607417
9412,3308540
6215,1411035
11369,29256656
8859,7379983
11618,7048254
7698,1729525
8036,474376
9545,3926708
10547,1077725
10580,1041429
11191,2486109
9609,575933
9610,639925
10635,2701123
10636,2701123
5587,1323685
5588,2236154
5863,2412197
1193,646388
3563,1249774
3564,967567
6188,1491665
8312,1975448
8313,2680966
3413,1682522
2610,1839404
7406,192169
6562,1968714
7068,639960
6100,1558857
6101,1835305
2904,1189301
11475,447948
1725,223078
3903,1076418
8931,221734
8932,215015
8996,201576
8933,177387
9436,767334
9939,6138673
4313,707781
4316,756641
4317,794334
4319,848778
9051,1230496
9052,953025
11518,442124
8403,498566
10061,768678
5691,131697
1491,247267
4435,325082
4436,485063
10035,6621291
10036,2207103
803,247267
804,215015
6354,1206771
6355,1114045
6356,1253805
4745,395474
5244,395474
6817,1044358
6818,1044358
7226,1044358
7227,1044358
4645,395474
5475,395474
10943,439436
10944,439436
9286,470345
9287,470345
10945,439436
10946,439436
7174,635638
7173,642357
4174,179456
4778,165727
4777,166708
5363,1038790
8887,1150329
5695,388370
7311,1131515
7314,1131515
11255,1357281
11256,1357281
11257,1357281
11258,1357281
11259,2826101
8156,408528
1752,886936
1757,1206771
1758,1085825
1759,467657
11204,278175
5376,298333
1858,362837
11399,309724
9426,747176
9221,851100
11157,1063555
2974,141103
3962,423310
8343,716716
8342,831903
9128,12446972
7613,360150
9588,234862
9897,218681
10856,792867
5209,51255093
4516,867738
7793,463050
10925,4146714
6243,802274
6991,850652
6992,850652
10831,1888099
6187,740457
11437,740457
8822,667890
11195,5847059
11196,5847059
11197,5847059
3717,757927
7243,485127
8570,397777
10371,4331050
10372,4331050
6008,598010
11213,1270379
11214,3290622
11215,2064142
3345,166636
10207,438093
10810,22183393
10809,2303548
5043,146479
5573,80211932
5574,35722424
9394,1179770
1494,1597829
7194,724907
1682,349399
3591,700142
3590,1307559
8438,365525
11396,365525
4175,897510
4176,5040303
8758,756160
7879,1131515
11397,1131515
7614,1403867
9155,589947
9156,649076
9154,854684
10900,1431192
4177,406810
4179,579064
4187,329815
4189,494147
9587,613662
4780,317725
4781,299093
10936,374633
11150,613662
4782,375092
4783,354499
11375,60848734
11377,9838676
2905,319835
9857,1173175
6059,787492
6143,1126140
9538,3066779
9539,14965405
9540,22449959
10977,3066779
9222,654003
9923,439436
7589,895895
4438,225254
9240,159917
1211,342680
11234,342680
1210,380307
11235,380307
6963,581884
10630,2038141
10631,2038141
10629,6302409
8455,537537
1499,1006538
3896,357462
3897,374932
6336,314459
5201,438093
5202,307740
6912,15482229
4439,235492
4440,355798
7645,1652926
8743,954128
4442,415951
8844,417231
9495,418511
11472,503941
8710,386515
8397,474824
4517,909973
4519,958608
6351,338648
6457,245923
6988,435405
11609,908438
9360,275488
9361,388370
5888,1767440
9341,1130108
9759,2147588
9473,1940253
9758,3687248
9144,536071
7818,582139
7819,332252
10985,19808998
10986,9530364
9201,600250
9284,1404315
9285,1342499
8796,2444450
8797,2444450
8419,849820
8420,1593413
6584,6144048
11581,3527587
9269,1045509
9270,2005013
5612,16864077
7178,13907829
7179,27815659
11066,4859334
6762,233829
4523,145903
4524,89590
4525,296925
4532,119026
9356,41777992
9357,24771315
9134,1327716
10097,5133155
10187,26272722
10189,14194770
6542,12764391
6997,16843941
7198,7624551
9625,907094
11372,7634958
7923,417935
7779,417935
8459,3407985
2217,1191757
9230,639669
6027,335321
6834,419791
9530,239332
9531,534977
5624,349399
3058,481096
9011,266081
9012,244579
9115,198889
4642,355798
10321,668082
6206,1842408
5498,562595
6904,1259207
5497,241511
4610,165101
2855,467657
9884,5784922
9885,2143749
9605,255330
10800,2941671
8063,1553482
8064,1968729
8065,2134022
8066,2582865
7713,421071
9087,3026845
5833,142447
11159,467666
1685,130353
1686,389714
4345,391634
958,162605
4611,6540034
6713,131825
1191,107507
2661,1866597
8402,1624706
11122,3432174
11123,4333444
10027,1720335
9973,5399559
8745,2015764
2265,760615
2308,998475
2326,1101951
11035,362198
4646,427470
4648,229093
6868,104820
141,145135
5792,1261868
10474,1917663
5979,1648895
10106,1877348
8863,529474
8864,561726
570,618168
3909,826463
6850,697454
8529,28486446
7430,12925702
7431,15504977
7432,10336476
8589,673201
6712,474824
6914,2484765
6915,4970873
11404,1407003
5163,266209
6096,3675409
6402,2839539
3733,8117591
10016,6449100
7021,1028040
10031,1270956
10032,1455261
5208,11281369
8556,1138235
10394,1855846
10395,1546763
3952,11064120
2029,752552
8088,752552
9370,182720
9371,205933
9710,182720
9713,207894
4811,119026
7644,4087969
10164,12924401
6118,409872
6119,409872
7706,212327
9007,5361932
5056,147823
4321,915093
4267,745473
9656,1638144
6374,317403
7626,274144
8373,344024
9462,274144
9463,774053
9464,344024
11229,501253
3715,232485
3714,291614
9797,1187957
3045,658483
3055,658483
8761,1105982
7770,1105646
7771,1105646
7772,1060973
5916,571133
2280,626231
11153,1050885
3969,798242
3970,865435
1689,221734
10461,396434
9875,377620
6293,802274
7668,205608
9645,853340
9646,624887
1855,349399
8412,162605
1854,298333
9367,287582
3881,3717068
5044,998475
9829,464970
7267,6787349
8744,219046
7868,5316241
3632,972942
3633,2289908
3634,3838973
3635,5624265
7393,749864
9739,380307
9391,345368
4649,308444
4650,298205
4651,243172
5859,293086
11451,440268
3491,98101
10296,413903
11227,201576
7677,679984
10647,528130
9039,430030
4652,177899
7602,593850
4653,267489
10520,1613528
10519,7166890
10116,5496226
4612,166381
4613,485063
11310,361494
6687,210983
3902,959504
4067,284895
5683,839902
3054,430030
10518,7526652
10226,13247916
8566,2331567
8281,865861
4324,934291
4325,255970
4326,793507
6978,296989
6400,850652
6337,272800
6979,518723
11032,370901
6441,432717
11594,614328
5047,1180692
5811,1371615
3074,166636
8742,976973
9823,278175
10153,518339
1781,1003850
11400,1003850
9600,529474
4446,1023880
9491,2554581
9928,802466
4447,258530
9761,1007882
11455,1007882
2803,653601
2805,4048997
2813,6072824
9330,826783
4262,422351
3686,694767
6338,716268
6339,716268
10973,529474
5717,4421242
9919,151022
2289,286238
5343,1970969
9181,407184
9691,494534
8578,2461175
8691,469001
9411,188138
7339,5921678
7857,513348
7858,1955291
7966,933724
9245,2909300
7965,5250393
9450,4427961
9451,7292823
9452,9427593
9453,12394936
6879,754856
6880,335577
7732,321754
11491,364181
11492,550975
4448,386515
9220,257250
6645,13011437
7956,8904323
7957,25175058
6569,1290089
6570,1107326
7597,302365
7666,262049
49,931283
531,1569608
1097,2553301
10778,476104
5319,1319246
1510,1005194
1511,1138235
6181,1721462
11070,1721462
11217,1005194
11218,1138235
11461,5254424
7840,275168
10835,2590710
9023,822432
9024,431373
11388,431373
11389,822432
10205,3425713
6681,1007882
6682,1384158
7167,388370
10773,16007594
9489,2139397
11243,4483059
2688,581884
9172,7358577
9173,7358577
9174,7358577
10756,56251616
6599,629315
11494,972942
9921,1057489
8421,6793970
11493,17110745
10198,305884
1137,235172
10114,1279338
5213,1896162
11513,1896162
2871,2000981
2014,7582922
2015,14532052
8573,412560
6938,1184117
3755,477064
3754,827807
8526,798242
7710,229797
7711,474376
7712,599354
4327,574653
10221,282207
7455,278175
7980,38636355
2016,4264012
8085,4264012
8111,4264012
2010,666546
2036,475720
2038,571133
7190,1566181
2017,3123090
8087,3123090
8113,3123090
5539,1689135
5540,922866
5541,4222855
9817,1326221
10336,3234181
10337,6075448
10435,1075074
7521,1105021
10645,7206663
2731,448843
9322,831119
6241,2095050
6242,1800749
8408,403153
6533,3655780
3597,282597
3598,282597
8826,3483240
2936,1052229
8558,726224
3444,868122
9890,3682411
9891,3682411
9549,8980617
3274,1141209
3272,8154792
3273,15721360
7318,15721360
3279,4425571
3280,11057052
3281,15640710
6539,13114263
7193,5984468
8241,439436
9987,953354
9988,880019
9455,448843
8225,642357
8524,3823569
8525,1829456
3594,602041
4450,601530
4451,317403
3382,256674
11436,256674
11401,80027615
11519,80027615
5548,3941938
5549,902294
7680,665522
8830,670577
8831,822432
9541,822432
7363,2329327
7362,1316966
9638,268769
7594,334617
7595,503941
7664,248611
7665,326554
3351,4043622
3353,5709046
7129,4101878
7130,5456471
7126,5630028
7125,5495980
7127,4101878
9515,2598096
9516,1466580
11246,526786
11247,667890
11248,721643
11249,679984
11250,772709
11514,628918
11515,628918
11516,653107
11517,653107
11390,1067011
11391,1067011
11392,1067011
11393,1067011
11394,1037446
9794,920532
9795,888280
9796,710893
9964,981005
9965,981005
9966,946065
9967,946065
9677,524099
9407,1116249
9408,1116249
1811,655795
8507,18087352
4452,213735
6025,499142
6026,712876
10147,890776
8858,454219
8671,593850
11109,15757784
8425,471689
11328,3839550
7012,550336
9342,317403
5468,866778
3560,1252461
3561,2335598
8839,2797880
8840,2335598
8841,1252461
11307,3670034
3851,2797880
5185,26295485
7032,45388478
5891,2284532
10583,2833661
10827,2241529
9013,1280682
9090,1307559
8958,4598549
8959,2748375
8689,1236335
8690,2396071
8100,1919007
8962,978317
5312,4345987
5644,2964517
7850,197545
7851,387027
9611,895895
1068,2220685
6260,943377
11208,4219665
11209,3735882
11210,1138235
11211,2218684
11212,1343843
11582,942034
8571,1987543
8572,3836670
6883,1537356
6968,2129990
11300,1023880
8331,2327863
8332,1017424
8898,3296991
3525,266081
3963,143791
10220,208296
10008,1976792
6237,383955
8329,199657
7922,497862
9196,639925
9419,746153
10252,255970
5381,170668
8783,329241
10659,618168
5171,522179
5173,949649
5267,1091712
5268,966287
5269,1405275
5122,209895
5123,207336
5124,351959
5125,357078
5126,771750
5253,2404838
2909,776741
2910,830495
8446,2383977
11039,2383977
2938,233829
8399,329241
7262,783460
9241,1174518
10174,1170487
10175,920532
9555,579064
2924,223078
9146,466270
9147,637980
1872,765990
10866,16963499
4453,950929
5791,511940
4658,435149
9000,34751325
9001,49829454
10540,49829454
10541,34751325
168,236516
6754,163949
7947,2213913
11322,1007882
10893,675953
10067,241892
10068,260705
10069,260705
10651,181419
10203,563070
10894,563070
10123,387027
10975,4145754
1523,233829
1525,241892
5071,395090
7303,954128
7847,747176
11522,3405297
5837,3450988
5838,8200848
8487,3440237
8488,7841801
6383,6728802
6384,4135003
10953,2957797
10954,6199145
6325,2957797
10660,2957797
10661,5915595
1857,362837
7483,2759984
7484,5833217
10924,1549002
10923,1549002
7941,1991575
7942,4962723
7943,3988525
8107,1584390
2937,525442
8577,525442
10041,9759321
10042,9759321
10043,9759321
6993,1323620
11439,1323620
6583,12185492
7715,3175500
7716,9253273
7717,26597418
6652,830198
6650,5531020
6651,20924535
10960,3514148
10959,6537699
4614,190698
4535,95989
4536,85750
11272,2829910
11273,2325507
11271,2829910
9948,159917
9941,438093
9945,137072
9947,361494
9946,210983
8653,342680
10270,284895
7415,524099
11595,278175
9942,448843
9943,252642
8655,291614
10438,604729
8654,315803
7552,436749
10655,16521761
10656,7071670
10657,3563870
7624,1158392
1527,180075
11592,342680
3596,327898
6571,294302
8125,470345
11130,2005013
6149,440780
6150,837214
6151,771366
6152,1381470
8868,260705
10037,2265718
7197,503941
5179,1381470
7232,739113
7286,428686
7287,2015764
11452,147883080
11453,147883080
11454,147883080
4537,1873700
4617,66552
10197,3161230
4616,85750
8092,129009
8372,9350840
5905,9633134
5768,8675675
5769,1959322
6636,2215996
9369,5542006
10858,636981
11240,190826
11241,190826
4454,202216
11571,814369
4455,85750
6623,334617
8246,1443287
1869,779429
11049,779429
11341,188138
11342,358358
11343,438989
11344,494022
6538,894999
8059,319835
9662,873498
7367,2447137
7368,8500054
7369,7432116
5223,1016841
2350,563070
10001,5718050
10002,4343299
4456,200936
5295,388370
5666,416591
7422,499909
6695,4749635
6257,808993
11462,2977164
11463,2584398
8052,611448
9444,892543
10989,844930
10990,12185492
11570,765034
10995,677243
11009,10554169
11263,736848
11222,13180407
11223,48932207
11224,80027615
11007,774625
6999,322522
7669,2412197
4618,80631
8640,2858353
1260,4153817
6253,2900012
6890,4945340
10808,7826190
9191,8550789
10498,2558676
10748,8797113
11495,1478227
794,252642
6470,8624940
4331,255970
7131,7049529
7132,5288558
4192,490807
4191,498744
7629,3609433
2815,1580359
4457,624567
11395,267425
9205,862747
1877,417935
11233,417935
9315,1447876
11026,11464796
7787,10282281
8906,5955910
11169,5348082
11170,9700693
9110,940690
5049,1189301
7596,846621
4619,207336
9575,207336
3356,740457
6459,743145
10160,14531255
9571,980365
5302,1053317
5345,2111753
6138,960847
6475,8898128
6288,959504
8706,897687
11579,11110952
4620,113907
10422,1087873
11002,5891688
11003,5891688
11014,5891688
11106,614328
11107,795555
11108,795555
4661,207336
4662,354518
4458,353239
9745,1265772
10357,802466
1167,1382814
3604,3641813
7820,1112702
10870,1350562
7485,2687685
9002,67965611
9003,78972444
10723,67965611
10724,78972444
5537,697454
5538,997131
6164,697454
7514,5229512
7515,3744073
7516,4121077
7517,3261506
7518,4705771
8842,1294961
8843,1294961
9499,976973
9500,642357
10373,1615915
1531,592635
6324,869466
6327,1071042
6099,1136891
6858,2596304
8628,1150329
6003,731050
8388,770022
8389,1776560
8390,2534487
8515,814369
8516,1890786
8517,5349837
7163,674609
8785,806306
5522,288926
5523,1276650
5524,931283
5802,823775
8873,564414
8874,564414
5368,650420
10886,3386483
8848,2409510
11405,172012
9004,1206771
9607,231141
3711,407184
6169,646388
4621,284127
8222,219046
7500,1081793
7969,1064323
4196,5688441
4197,789487
4198,3023493
4199,2822386
4200,663077
8546,1411035
7798,2103798
8584,1150329
9801,1150329
5314,6954385
5315,3659283
5316,7342257
5317,3695567
6523,4772467
7223,767910
7609,921492
7224,972686
7225,895895
11386,440780
11387,1733557
7394,1773872
7395,3553120
4831,230373
7510,1264556
9005,526786
9006,526786
8853,4585216
573,464970
3376,53253249
369,240548
11435,240548
6028,890776
10752,890776
4664,386515
4666,346839
4667,174060
4668,712876
4459,176619
4460,386515
4461,346839
4462,742313
7041,1018633
11173,417231
8882,2280501
8883,364181
7928,995787
7929,697454
9615,1023880
9614,998283
9612,700078
9613,793507
9663,610059
9664,1118210
8017,312283
8767,460746
8768,345560
8769,678321
11504,557695
11505,770022
11506,557695
11507,770022
5616,452875
8118,575933
8119,639925
10310,6863004
11308,7415107
10268,7883285
10303,15766570
10640,10479331
5784,881561
5785,718956
7743,1057604
7291,1957979
7292,1957979
9479,223974
9478,222694
10026,370901
3059,224422
3951,1142266
9184,689904
9186,1247181
9185,22713713
9624,801186
8609,1148985
4874,126705
4875,159981
164,665202
5385,1890786
5386,1890786
7826,473545
7827,1689402
11155,473545
11156,1689402
10248,399121
11031,2648714
6252,302365
2581,321178
3086,469001
1542,150510
3433,208296
3435,182763
3747,302365
1543,286238
968,368213
969,411216
5986,542912
6738,542912
8196,2284239
9805,2284239
8194,4135463
9806,4135463
8195,1548668
9807,1548668
8269,193513
6204,221734
8921,21603638
10592,1503312
10619,637365
10981,2126343
10983,883480
9299,5570227
8272,270112
4622,194537
11110,8003607
4463,204776
55,283551
7183,5838685
11577,2605711
11578,1593797
10108,847965
6536,706861
8093,12146465
5639,846621
5158,3597914
253,294302
7940,237860
8952,479752
9358,353431
8847,353431
9183,671921
5087,761511
8544,360150
9437,682672
449,8302374
966,8216459
5195,223078
9017,2127303
8270,391058
3940,731050
7920,542912
7919,841245
4464,374996
10919,1771184
5275,907094
8469,767910
8470,921492
8471,972686
8468,895895
4623,152302
5121,2015764
11033,20481044
4540,177899
4541,148463
6048,896537
7622,706861
9264,649076
8908,24121923
8909,12929605
10507,24121923
10508,12929605
6962,830495
7852,1091049
9700,6275744
5724,240548
4624,147183
11077,1759090
11078,2612430
11079,1010570
10686,1947228
8242,899031
8243,1569608
8244,1999436
8245,1629947
11403,912469
3757,212327
3758,212327
5081,282847
5082,639925
11059,8455824
11058,1552138
8760,575165
8759,287582
9289,3711565
9114,1425817
3483,216359
7775,484418
7776,771997
10139,1358625
10140,1358625
10141,1358625
10142,1358625
7171,896343
7172,623543
8103,3985837
8104,3985837
8105,3985837
9983,613810
7909,296989
1497,287582
9767,5214109
5583,890776
6557,1822506
9224,362837
6439,282847
7734,639925
6746,387027
10082,747176
1859,727019
11498,1252461
10330,2036369
10331,3532514
10840,6394003
10841,6394003
10842,6394003
10843,6394003
3426,1263185
3447,774970
6335,1186614
6468,1263185
10088,1863477
9762,800628
9763,12049005
10921,853340
8911,575319
8910,8140612
9120,2553301
1551,262049
10284,1312563
10285,2832997
10286,5665526
8106,1134203
7152,296989
6443,1581703
6940,1119869
6941,844701
6942,1119869
10010,139504
7907,3928052
7908,3928052
3047,1486290
6320,196201
4028,12565953
11205,537537
10225,1119421
11408,2182400
8101,2576146
8102,1101951
9859,10423659
11284,1500123
11285,2937080
11286,1500123
11287,862719
11288,2937080
11289,862719
7543,604729
321,438093
322,405840
8169,200233
7265,8386876
7921,7783475
9235,831839
9236,831839
9237,831839
10158,510660
10168,481096
8542,724197
8541,10839093
7234,1173175
8444,2998491
9368,1535160
10457,3273600
10458,5251736
11540,3273600
11541,5251736
1162,2390696
5958,309084
5040,1224241
5042,600698
10261,5106602
5336,575933
4336,197097
3414,584571
4466,209895
4467,662962
8433,506629
11200,4072411
6055,1723995
6056,1807559
6057,1906647
6058,2097298
7342,7771552
8789,2350571
8790,1284239
11624,2350571
11625,1284239
10431,13433051
10432,13433051
10433,13433051
10434,13433051
10492,13008959
10493,13008959
7855,974286
7856,2494172
7982,2535831
6865,12281758
4029,5939784
10552,1343843
10553,1343843
10554,959888
10555,3199625
7587,34377547
10238,2990934
3340,5307237
11071,5307237
9746,159917
9747,134384
8284,237860
5234,712876
4181,129934
4182,199957
4184,205933
9714,224565
4784,180437
4785,161314
4786,154450
10130,180437
3490,556351
10374,1147390
8261,371157
8262,371157
8263,605369
8264,605369
9008,729706
1552,239204
1553,302365
1554,522755
1555,592635
2650,306396
2669,2158211
4070,306396
4071,498566
9879,1377439
10521,306396
10522,306396
10523,498566
11074,643701
11075,1488977
11076,1105982
885,376276
1556,469001
1557,686704
11602,11708063
11603,45258360
8949,684016
8950,842589
8951,842589
10416,684016
10417,842589
10418,842589
8255,2586449
8256,4657758
11305,403153
11306,503941
10413,671921
10411,1164664
10412,1164664
9383,1246230
9384,5557502
9385,2166982
9542,1182581
8928,932627
1570,757927
1571,731050
9127,9382061
797,205608
798,262049
796,408528
6513,1254253
7101,2332911
10152,2332911
10275,6221991
6301,487623
6302,487623
6303,487623
7724,360918
11345,360918
11346,487623
11347,487623
11348,487623
5484,516036
5485,516036
6634,5167074
10899,2822069
11057,2822069
5950,4508592
1765,649076
1766,256674
7384,812705
8462,618168
1204,255330
7767,699405
7768,699405
7769,699405
1498,459594
1503,869466
6054,788836
8869,1295464
9839,896343
9841,710893
3698,584571
8650,1039238
9715,205933
9532,397777
11621,59148151
11622,13157756
9659,18355472
10293,9177735
5283,1742229
5284,2931636
7961,7913350
3265,2988706
8914,2283530
10194,1242606
10314,1551690
10315,1432536
10316,1463892
7294,1089018
7296,25170264
9332,618168
4354,401873
8775,2013076
10339,4073187
10682,576508
96,3934771
3115,2874479
8319,6150767
8320,11256652
8321,3874298
7846,2566336
3116,677297
3117,456906
11008,7590728
845,6768561
870,8264592
867,2385320
868,4309703
869,8264592
850,1038790
5848,575998
5849,864009
8423,490503
8854,19709356
9783,615295
11532,575365
3119,370901
1579,178731
3748,162605
3749,210983
5220,842589
7703,290270
9781,237860
7003,1057604
10105,1705336
7534,2687685
7910,1695929
8227,939346
8340,1494353
3996,315803
7835,573821
8252,173356
557,2945703
9182,473033
8394,2276469
10805,2276469
8395,2830132
10804,2830132
8396,3723788
10803,3723788
8418,1196020
7559,1003402
6220,460938
11125,1580359
11126,2031890
5356,1212146
5357,1725494
10703,1996950
10702,1233647
10706,4744660
1580,2178369
1581,2291184
5795,8105883
5797,10803941
6606,1664999
6607,2244834
6608,2693476
4355,520899
5968,714156
7371,689391
8377,1124796
11023,520067
11024,130353
9955,151018
9958,151018
9957,158587
9999,179456
9483,179456
9484,158587
10076,180437
10078,158587
9784,180437
9997,166708
9883,375092
9788,145946
9881,145946
9560,164746
9561,151998
9786,145134
9782,8689985
10092,13501999
9961,1158392
9962,1245742
9963,1019976
9577,12327290
10556,423310
11192,147823
2365,631606
2366,2478046
5806,1333092
5807,665202
5808,2607054
8669,669234
8670,1275307
10264,1275307
10265,669234
7653,3280906
7654,3280906
7655,3280906
9046,6764659
9387,1427161
9734,3192970
10020,36946662
11575,732394
11576,732394
10948,555007
10949,555007
6344,1251693
6345,1927454
9179,1220209
9180,494534
9320,349399
9725,1706680
6862,1114792
7322,212327
10825,13071402
10281,1367323
10282,1367323
7533,2080021
3898,264737
3899,264737
3900,264737
7169,542912
7170,780772
10297,501253
10298,330585
10124,287582
10125,521411
4337,1283690
7228,2742335
1058,1248430
1057,1468820
8407,1468820
4082,1468820
3990,563070
4094,563070
5761,387027
8362,419279
4543,490183
3684,119602
3685,174700
6270,381651
6675,607156
6676,794769
7348,18729193
9766,1408347
10501,2233627
10502,2373229
10365,722987
10195,4534779
11112,4534779
10861,1165111
6943,935570
9350,935570
8075,3835690
8076,4571164
6830,1424473
6833,1924382
4201,959565
4202,742370
4203,258887
4204,5675800
4205,784890
4206,4129004
4207,4143943
4208,3985356
4209,5566628
4211,519736
4212,167780
4215,167780
4217,166708
4219,174553
4221,188772
4223,133856
4224,149393
4225,163184
4857,5779226
9374,209151
9375,222941
9380,349596
9556,182720
9557,182720
9709,181908
9774,176974
9775,161805
4787,161314
4788,149393
4789,148566
4795,145946
4796,145946
4792,164746
4793,151998
4794,145134
11414,1182581
11415,1419098
11416,567102
1589,263393
7976,797559
3077,1048197
7585,1764465
11484,971598
11485,971598
10836,952784
10837,952784
10073,636981
11298,946065
5289,357462
5672,616824
7180,319835
437,421967
441,718956
442,1444631
439,313115
9954,151018
9956,151018
9959,158587
9998,179456
9562,179456
9563,158587
10077,180437
10131,158587
9585,180437
9584,166708
9785,375092
11301,211175
11425,232134
11424,293041
10129,180437
9789,145946
9882,145946
9564,164746
9565,151998
9787,145134
7147,594323
7148,793606
7149,943022
6197,787492
8165,1058948
10618,1548107
9410,1053573
9544,588603
10132,357462
10177,288926
9932,14758858
10511,193513
7544,278175
6401,2331894
5233,712876
6814,705517
1849,260705
3682,438093
10446,353431
6740,489159
9300,21370813
4547,207336
8543,5736866
11067,3332393
4357,474824
8010,474824
5630,3000800
2370,3179531
7875,854684
10524,11025014
4017,3481824
4018,3481824
4019,2250023
9100,247095
9101,1337384
9396,1206159
10678,1081345
10679,1355489
10680,1420889
10532,8135803
10533,2612430
10534,7914651
3792,8449319
3793,6598267
5860,9129688
5861,7206963
4338,1695801
4339,725419
4340,891799
4674,207336
4675,207336
4676,207336
7323,37791085
8788,37791085
9150,36370199
5546,2636619
5547,733354
4227,188772
4229,203481
10771,203405
11151,264311
4231,203481
10844,96757
10324,14719570
10325,27359527
10007,4177642
11331,593850
9482,143791
10754,1536012
3354,213671
5486,362837
5487,362837
7349,6857456
170,491846
8214,1305447
9553,1473590
9554,7382584
9699,5961029
3161,636981
5962,3524899
5963,755239
4628,152302
8659,110067
8658,127985
4629,200936
4630,117746
4631,202216
4632,151022
3504,1400284
2771,434061
10559,6779424
10560,9593587
10530,935570
10708,658104
10709,2411715
3166,458250
7037,517379
7038,517379
10851,558407
4551,179179
4548,179179
4549,179179
10485,9754118
1122,1067011
1123,2053391
8877,1067011
8878,2053391
1062,581884
1124,1166455
8879,581884
8880,1166455
7502,11087513
3651,440780
4061,16961221
10486,911955
10487,1670987
10488,3341991
1595,3378420
5984,3378420
5250,1689210
4552,568253
9302,742477
9303,1250230
7984,1142266
6002,4675228
8680,3156820
8681,3052874
8682,3052874
8683,3156820
10462,3156820
10463,3052874
10464,3052874
10469,3156820
6763,419279
7063,549632
7064,1067011
7065,655795
8176,1439283
7117,7004024
7118,12679940
7119,1137062
9329,1857190
10600,1397596
11566,1766193
11567,1032839
9994,13621308
9936,1347874
11290,1583046
11291,607417
4554,94709
7824,2436386
8836,9893832
10626,19752269
8944,1395532
6029,683440
4677,1032839
7600,1574216
10188,275680
9831,6585777
9832,2195248
1602,1464788
10380,1464788
10450,497222
11207,858715
11242,415247
9072,639669
3195,591291
3196,600698
8031,1662333
4710,565694
5561,2425421
5562,1942684
7631,2295741
7632,1717828
10576,688559
10577,880537
10578,1055876
10579,1055876
4718,688559
4719,880537
4720,1055876
10564,1385338
10565,1661077
8534,6469765
8535,3448300
3203,732394
5709,1364000
10278,2422948
10279,3797532
5120,6233262
6207,4894950
10875,1150329
10876,1988887
11560,1389533
7233,787492
1779,24150868
1780,6574078
11068,6574078
11069,24150868
9982,1611267
3247,189482
8901,6307934
10381,6307934
11181,1141726
10729,92811738
10730,6620156
9583,24856894
10262,5012533
10263,1022664
6953,456906
7986,705517
7985,1362656
6980,512004
4559,119026
7344,17454739
5077,659123
5078,865179
5812,954768
8713,1612611
8714,7731224
8715,18516505
9053,1153017
9054,1153017
9055,5590385
9056,13397927
11605,5590385
11606,1153017
11607,1153017
11608,13397927
9323,5375370
4633,70392
9821,9747613
10100,9747613
10591,7129777
11443,291614
11441,393746
11442,279519
3212,460938
3213,456906
3530,536193
5293,3753352
6445,3805349
10785,1610675
10786,8341238
4361,725675
4362,499142
6385,355798
11044,832935
11431,777395
9769,348055
542,456906
8982,2871607
7283,1393565
4560,3906998
4562,1247086
4635,71672
4634,107507
7284,796899
7158,168940
5733,1628737
11588,11429419
7404,11429419
4636,156142
4638,156142
4563,312283
3528,14723636
7691,764646
9917,3349781
8285,1075327
8903,233829
8904,326554
8905,396434
6825,405840
3094,233829
7777,633792
5625,384339
10283,590680
8082,18279605
9506,876507
9508,13394024
9507,10169988
8304,894064
11309,322522
10801,280863
7662,258018
4565,579772
4566,1002123
6954,369557
6955,589947
11466,532162
11467,698798
7060,1505036
7061,6387283
10456,1914976
10509,3471145
10455,858715
6272,2559700
6359,7039175
5177,671921
6271,1407835
3514,216359
11334,615480
7010,581884
7011,1148985
8484,1931102
7330,518339
7331,716716
11228,2311409
3895,1128828
3894,1128828
5989,2363819
7116,767910
7115,972686
8307,1164664
3712,604729
8413,5253225
10011,928351
10012,1486758
6130,1444631
6131,1959322
6132,2412197
8144,228453
5492,1305371
5493,1305371
11193,1305371
11194,1305371
6922,559038
10713,937798
10714,937798
3411,2592081
3412,8282804
6755,3213127
10019,321178
10912,256674
572,169324
9698,223078
7918,349399
8011,243235
8013,388370
7949,356118
7950,474376
7951,236516
4639,99828
8095,267425
8094,459594
11584,52047114
57,490503
530,866778
9724,806306
3263,438093
10366,435405
8273,291614
11092,564414
11093,849308
10212,1235025
10211,11914704
9204,663858
9550,191162296
10625,191162296
7239,6857628
4367,564414
4368,623287
4369,682160
8894,723269
8895,959001
8896,1130561
8897,1272355
7077,745833
1617,438093
1618,356118
5716,4542188
11482,54863315
11483,84793962
5712,399121
10829,579196
4263,524739
4264,255970
4265,447948
4266,575933
5576,2189823
5577,2243577
4564,386515
11114,6212584
8721,1424473
8722,1622025
8723,2116484
10329,2495068
5243,663858
8975,608761
8976,646388
8978,462282
9022,447500
11478,580540
8130,968910
8131,968910
8132,1237679
8133,1315622
2041,502597
10883,263393
10884,509316
10885,689391
9167,1240711
5490,1148985
7678,2027950
7959,200233
8083,10165201
8084,10165201
10918,10165201
10987,10165201
8913,765990
9930,8349642
10674,1135719
10673,12979812
4242,649148
4243,716716
8509,1263212
8510,899031
10439,421967
3774,345368
3775,345368
4370,296925
6835,154862
2543,395090
11179,1460309
11178,1372511
11420,632950
6461,2405475
6462,2262292
11239,25356524
10824,1583175
6394,190826
6395,235172
6396,239204
5240,427342
4245,409552
10950,4020777
10497,1118077
7755,1369376
9433,3566558
9445,510660
10731,126830594
7750,895895
8773,5916747
4640,222694
3660,263393
7989,4031528
9422,1703992
9423,3119058
169,381651
3915,513348
8477,581884
7781,427342
5567,3598208
10546,149742
6575,1174518
7047,802274
7486,850652
7487,850652
11129,2539862
8333,685360
7488,854684
9777,1419098
10402,4512270
10403,4512270
10404,4512270
10405,4512270
10406,4512270
10407,4512270
10408,4512270
10409,10062280
10658,4512270
10143,1351906
10333,1334884
10334,1334884
9036,1334884
9037,1334884
4246,1094272
9133,1630081
6269,1628737
518,2632991
8231,1703878
1271,2689029
92,2823413
8443,302365
117,525442
5593,587259
6739,587259
8226,587259
8616,525442
8929,525442
7591,391864
6757,2254968
9819,839796
11537,806306
11538,1209458
8763,818400
9010,3137140
5291,4318214
7120,945809
7188,1043392
11604,1043392
9069,802124
10196,756188
11464,200233
8159,253986
8618,473033
8619,473033
9217,1169143
9218,4481867
7934,792867
7935,792867
7936,792867
11569,1276650
7250,998475
1630,1009226
6322,998475
6323,1827626
8786,7854810
8787,5374026
5366,826442
6726,239204
10683,22812649
9073,2539862
11168,3104276
31,3473833
8947,4102751
11063,2879854
11064,1343843
11065,1343843
9353,8958875
4371,284127
4372,284127
4373,284127
4567,103668
4568,103668
4641,78071
4721,1334884
5476,840861
4722,944529
3838,1053573
9809,970254
11304,6988413
7237,2423689
7238,662081
9498,577565
10819,4283403
9327,10192046
9175,11610610
9176,3131943
9153,12966030
9152,13090104
10593,1075074
10594,987724
11097,538881
11098,584571
5089,944529
8827,1416794
5248,383955
8829,575933
5088,895895
8828,1343843
1121,3594914
10178,3594914
5878,976973
9608,588603
603,403153
519,260705
9842,260705
2332,454219
10607,1023880
4569,148463
9406,106164
9873,129009
9874,196201
7558,861403
4374,1204339
5969,921492
6387,371157
9673,1265368
9674,1248591
9675,1248591
9676,1248591
3980,1619330
3981,1619330
10638,4671711
9318,4491174
490,2792505
11600,851361
5184,887012
10525,9834773
10243,2089675
10244,2089675
4048,3417270
6353,915157
9474,3589851
9475,4321797
7343,3573725
8530,1181238
5758,8773242
11477,2480090
7320,346711
9723,670577
10608,332761
7536,330585
9126,217702
11043,966287
11430,1029383
11429,1029383
7469,1024008
7470,7835296
7471,11754896
7708,2111177
7472,6130436
7707,4418423
4513,568253
7890,668082
7891,1338467
7972,526786
7889,526786
10349,1177206
10350,1177206
11338,1196020
11339,1196020
11336,1196020
11337,1196020
11340,1881380
7893,668082
7894,671921
7895,1411419
7896,1445975
7892,607417
7967,3112339
7968,3304509
11161,3304509
11525,3112339
7926,2998113
10757,2998113
6446,9422389
9933,6558707
7261,307740
9151,584571
7057,804962
4682,1371615
10910,806962
6664,4980280
6832,2448481
9606,498566
9262,2500891
7385,447500
8656,791523
10351,22191783
10218,895895
8695,1721398
9259,624567
9340,2559700
11176,767910
11174,735914
11175,735914
7408,971598
7409,1103295
7410,1186613
7762,1523917
7763,1523917
7764,1482258
7765,1523917
7766,1523917
6689,1100607
9223,849820
11476,422351
3484,172012
3486,239204
10200,1169143
10201,717612
2662,987088
9733,247267
11497,259362
10902,858779
10984,578492
11082,304604
11154,304604
11574,1490321
8531,335961
8532,90037
11294,640093
11292,7052485
11293,5281170
9934,13655515
8610,345368
8791,659299
8792,1318574
6576,753896
6577,954128
6578,1032071
6764,954128
6765,1032071
6766,753896
7411,933971
7412,933971
7413,900374
7414,900374
6406,572477
10227,12859837
10832,1948572
550,4770641
4235,2706319
4237,2032899
4238,4365735
11412,1339811
11413,1103295
5725,157230
8315,13520768
5696,1307559
5697,731050
6122,700142
579,510660
1292,704173
7647,2123271
7648,2418917
10430,1746995
9727,5702209
9728,5702209
8793,477064
5543,1588892
6773,4440862
6775,4440862
7870,4045168
3110,1061636
10359,952208
10360,952208
10361,606649
7658,1323438
8892,1372603
11510,17946398
7539,335961
9449,4036903
8673,11920109
8674,20517541
9731,33545669
9337,3867041
9339,3006579
9732,413903
5194,825193
10817,608706
10818,7993556
3961,678640
7960,4261416
9165,5635404
1636,667890
9843,761959
1194,499909
8849,3264169
8850,637349
8851,680101
8852,1244829
8833,572477
6781,830623
6782,997259
11564,10860623
11565,7236698
544,616824
6284,1193332
8428,3417270
7938,5449921
9858,419279
6494,651764
10715,1593164
10862,3104276
11471,1116733
4250,199657
4251,517059
4252,966287
4253,1002123
7913,404497
8502,446156
11572,1988887
11573,2426980
7586,5834030
7638,1046598
5729,2548821
5730,2280949
6305,13870470
10355,3258263
10777,13870470
1290,12139961
11601,12071013
9603,101659975
10119,11123961
6258,833182
6358,1544075
6951,2329828
9639,2249256
9640,5073005
9641,6561983
5252,944529
6434,169324
9667,1412378
9668,1678459
8912,86300596
7615,840861
8774,5875791
9669,1066115
10128,6911190
1641,714924
11352,663858
1642,295645
1643,592635
1644,636981
11349,295645
11350,592635
11351,636981
1548,145135
6014,212327
5617,360150
4258,409552
10096,774190
10448,653592
2334,155886
808,360150
2349,599354
7825,911125
10071,44995862
618,434061
5944,860034
6012,1060870
5382,712237
11561,575933
6222,575933
6223,575933
6224,607929
6225,607929
10249,1320023
10287,2809741
6721,2203902
6722,3225222
7436,485127
6947,591291
7136,489159
6727,881817
6728,976526
6729,1435992
8918,7001548
9116,4191002
9117,7344761
1646,8820074
5613,14656778
9279,1186165
9280,2106249
8925,6368470
8478,4684867
7419,10273175
7990,2158925
8015,9098466
11421,228453
7728,2017926
9271,921876
11615,596666
5206,360150
5207,294302
3999,13697658
5614,1944092
511,487815
585,362837
688,2146116
10920,11596958
11448,2467295
11447,2578386
11446,2573906
5886,1503760
9040,302365
9041,278175
11188,2138053
11189,2482077
11190,2482077
5274,778286
5335,1468820
6294,5525880
6295,1794164
8633,170668
8634,645044
8635,278175
6934,831391
6935,2564819
9365,1108577
10029,16463240
10030,27724196
6844,14850051
6460,4719575
11324,162541
11323,191978